"conversation_id_str","created_at","favorite_count","full_text","id_str","image_url","in_reply_to_screen_name","lang","location","quote_count","reply_count","retweet_count","tweet_url","user_id_str","username"
"1853474356544123362","Mon Nov 04 22:02:09 +0000 2024","0","@SelebtwitMobil Mau sholat itu min","1853558379891097787","","SelebtwitMobil","in","Indonesia","0","0","0","https://x.com/Aerio_Ina/status/1853558379891097787","1833001838020636672","Aerio_Ina"
"1853386899639165025","Mon Nov 04 21:52:45 +0000 2024","1","@Yahyayahh kek waktu masih di bp ??? Seolah olah lisa bukan memb blackpink lagi kocak https://t.co/YL8ihTqeqR","1853556013615796564","https://pbs.twimg.com/media/GbknXuTa4AAlCfA.jpg","Yahyayahh","in","","0","1","0","https://x.com/mrsh_ad/status/1853556013615796564","1247938569341026304","mrsh_ad"
"1853007462082986495","Mon Nov 04 21:23:23 +0000 2024","0","@idoymaridoy as a non kpoper emang sih bener juga ga bgitu tau banyak lagu kpop yg tau cuman tau yang superhits aja kaya Apt seven how u like that dan lagu lagu blackpink lumayan sering kedengeran dimana2 sorry nya suju don t judge akuuu ya guysss ","1853548624095166794","","idoymaridoy","in","Jakarta Selatan, DKI Jakarta","0","0","0","https://x.com/hotgirljaksel/status/1853548624095166794","1137842530198872065","hotgirljaksel"
"1853493558516617410","Mon Nov 04 20:42:10 +0000 2024","0","@lovepinksot4 lekin yeh toh meri hi hain rosieposie","1853538251673583651","","lovepinksot4","in","Blinkcity *real blinks here* ","0","0","0","https://x.com/Blackpink_2356/status/1853538251673583651","1590996106279735296","Blackpink_2356"
"1853487554982764807","Mon Nov 04 20:09:19 +0000 2024","0","@KATOKATOMAKEUP Malaysian","1853529983110816248","","KATOKATOMAKEUP","in","","0","0","0","https://x.com/mollycake_/status/1853529983110816248","1829296021563715584","mollycake_"
"1853487554982764807","Mon Nov 04 20:09:05 +0000 2024","1","@KATOKATOMAKEUP Rusia","1853529925883683223","","KATOKATOMAKEUP","in","","0","0","0","https://x.com/mollycake_/status/1853529925883683223","1829296021563715584","mollycake_"
"1853487554982764807","Mon Nov 04 20:08:32 +0000 2024","1","@KATOKATOMAKEUP üáµüá™ peru","1853529785047101513","","KATOKATOMAKEUP","in","","0","0","0","https://x.com/mollycake_/status/1853529785047101513","1829296021563715584","mollycake_"
"1853512879015878734","Mon Nov 04 19:42:16 +0000 2024","0","@euovitinn Alok","1853523177126645777","","euovitinn","in","","0","0","0","https://x.com/kaarineesilva/status/1853523177126645777","1616956630897139716","kaarineesilva"
"1853493558516617410","Mon Nov 04 18:58:18 +0000 2024","0","@Blackpink_2356 DELULU IS THE SOLULU","1853512111797760392","","Blackpink_2356","in","","0","1","0","https://x.com/Pinksareloml/status/1853512111797760392","1669771261227008035","Pinksareloml"
"1747997065660207467","Mon Nov 04 18:39:20 +0000 2024","0","@propertiZENI udah punya brp bro?","1853507336520040609","","propertiZENI","in","","0","0","0","https://x.com/joni_blackpink/status/1853507336520040609","1683522213763510272","joni_blackpink"
"1853506684511309899","Mon Nov 04 18:36:44 +0000 2024","0","tiba tiba kangen blackpink","1853506684511309899","","","in","akun galau","0","0","0","https://x.com/boombomkar/status/1853506684511309899","1362822254048944129","boombomkar"
"1598725683231891456","Mon Nov 04 18:22:39 +0000 2024","0","@yabqia @Sange96405897 gmn bro udh punya koleksi Karina?","1853503141054161351","","yabqia","in","","0","0","0","https://x.com/joni_blackpink/status/1853503141054161351","1683522213763510272","joni_blackpink"
"1853493052729696529","Mon Nov 04 17:46:03 +0000 2024","1","@Chocoproyectt Blackpink lyna dani meli pato milu","1853493927174631872","","Chocoproyectt","in","K4OS,Kpop,blink foreverüíïüíï","0","0","0","https://x.com/FrancoL75081023/status/1853493927174631872","1775946943975366658","FrancoL75081023"
"1853479669464748069","Mon Nov 04 16:49:23 +0000 2024","6","lisa blackpink dodol kripik tarik slebew https://t.co/yXdg8Qz1Jq","1853479669464748069","https://pbs.twimg.com/media/Gbjh7S9bIAA9W3J.jpg","","in","","0","2","0","https://x.com/konohaonfire/status/1853479669464748069","1319305744911634433","konohaonfire"
"1853007865474375914","Mon Nov 04 16:45:34 +0000 2024","0","@zrina kaget banget aku unnie tapi keren deh leader melawan grup sendiri udah bisa masuk sejarah bareng blackpink sunbaenim pas waktu di acara award nih :3","1853478705441788086","","zrina","in","Outliers ‚òÖ For Fun! #2001","0","0","0","https://x.com/kimmuinju/status/1853478705441788086","1174761768","kimmuinju"
"1853478467624739078","Mon Nov 04 16:44:37 +0000 2024","0","lisa blackpink dodol kripik tarikkk... SleEeEebeww~~","1853478467624739078","","","in","","0","0","0","https://x.com/Piwbackup/status/1853478467624739078","1797021932568956928","Piwbackup"
"1853478259125899345","Mon Nov 04 16:43:47 +0000 2024","4","Seneng deh liat reaksi kamu sama tepi Ini aku milih bajunya 2 harian loh Karna nyari yang paling cocok buat kamu Gemes banget ya kata tepi kaya baju blackpink wkwkwk Oh iya FanArt ku akan selalu menyertaimu disetiap perayaan mu Semoga ga bosen yaa Love you https://t.co/mxrO26dtgb","1853478259125899345","https://pbs.twimg.com/media/GbjghXXbMAATfFJ.jpg","","in","","0","0","0","https://x.com/coffeecocandy/status/1853478259125899345","3141458648","coffeecocandy"
"1853470473641939236","Mon Nov 04 16:42:39 +0000 2024","0","@NINGIExWAR tadi katanya black bukan blackpink?!!!","1853477971904094313","","NINGIExWAR","in","unknown ","0","1","0","https://x.com/WINTERxWAR/status/1853477971904094313","769499992994086914","WINTERxWAR"
"1853470473641939236","Mon Nov 04 16:41:57 +0000 2024","0","@WINTERxWAR Kan sama aja?!? blackpink","1853477798402482219","","WINTERxWAR","in","","0","1","0","https://x.com/NINGIExWAR/status/1853477798402482219","1732010657250418688","NINGIExWAR"
"1853461804380488168","Mon Nov 04 16:34:42 +0000 2024","0","@MirerSungho @MirerHTS @MirerGyuvin Kita tampil BLACKPINK","1853475971266998479","","MirerSungho","in","CherishMeBack / IV.","0","1","0","https://x.com/MirerMinji/status/1853475971266998479","759863032952553472","MirerMinji"
"1853470371883974790","Mon Nov 04 16:12:27 +0000 2024","0","gue beneran lagi ngerasain sebahagia itu ngestan BLACKPINK &amp; AESPA awas ya im gonna grab ur hair kalo jahat ke mereka ","1853470371883974790","","","in","","0","0","0","https://x.com/katelopinky/status/1853470371883974790","1650537939288625152","katelopinky"
"1853465336143835273","Mon Nov 04 15:52:26 +0000 2024","0","Resiko suka artis dari YG wkwk minim konten cb setahun sekali (blackpink the album ke pink venom 2 tahun. Bigbang alive ke made 3 tahun). Jarang ke acara tv acara award pilih-pilih.","1853465336143835273","","","in","ENFJ","0","0","0","https://x.com/bukanartiscoy/status/1853465336143835273","756327123355250689","bukanartiscoy"
"1853464713746854303","Mon Nov 04 15:49:58 +0000 2024","1","lightstick blackpink v2 harga 500k nett ORIII dipake sekali aja pas konser https://t.co/COdyRGuqaP","1853464713746854303","https://pbs.twimg.com/media/GbjUTbzb0AAg6mu.jpg","","in","","0","1","0","https://x.com/pwettybubs/status/1853464713746854303","1525446375852621824","pwettybubs"
"1853262768465441242","Mon Nov 04 15:49:15 +0000 2024","0","@Tokyopa2 @lovskpinks @BLACKPINK 2010s act blg","1853464535069310988","","Tokyopa2","in","","0","1","0","https://x.com/tualyp/status/1853464535069310988","1171545068412506115","tualyp"
"1853464421458391046","Mon Nov 04 15:48:48 +0000 2024","0","[help rt pls] wts photocard pc itzy ryujin yuna lia yeji blackpink avail or manual tangerang #zonauang #wts #ITZY_GOLD #ITZYComeback #ITZY #MIDZY https://t.co/OFHqE2wJuC","1853464421458391046","https://pbs.twimg.com/media/GbjUD2AbgAAmGIS.jpg","","in","she/her","1","0","1","https://x.com/legaltoclifford/status/1853464421458391046","1224714801911386118","legaltoclifford"
"1853323943345786880","Mon Nov 04 15:19:30 +0000 2024","0","@putrakadua029 Kata member blackpink waktu di interview Lisa orangnya suka menyendiri di kamar","1853457047238652393","","putrakadua029","in","","0","1","0","https://x.com/idahida69/status/1853457047238652393","3030583777","idahida69"
"1853452212766429589","Mon Nov 04 15:00:17 +0000 2024","0","tentu aja US Jepang sama china makannya pasar nya semua agensi ya yg harus di utamain 3 negara itu di indo cuma pda modal kuota doang lah fans luar mau idol nya konser di manapun pasti di datengin Lmao sekelas Lisa blackpink aja adain fanmeet di indo tiket nya gk habis","1853452212766429589","","","in","","0","0","0","https://x.com/candy13_sugar/status/1853452212766429589","1645141817292103683","candy13_sugar"
"1853444630194614294","Mon Nov 04 14:30:09 +0000 2024","0","mulai menyadari babymonsta lebih bagus dari blackpink","1853444630194614294","","","in","Indonesia","0","0","0","https://x.com/flosxsz/status/1853444630194614294","1016734228518612992","flosxsz"
"1853442835393155109","Mon Nov 04 14:23:01 +0000 2024","0","Lisa blackpink dodol keripik","1853442835393155109","","","in","","0","0","0","https://x.com/rockicstt/status/1853442835393155109","1814590805300166656","rockicstt"
"1853441571506823384","Mon Nov 04 14:18:00 +0000 2024","0","tar dulu katanya blackpink mau cb","1853441571506823384","","","in","jennierubyjane","0","0","0","https://x.com/saranghoe96/status/1853441571506823384","1794276973134655488","saranghoe96"
"1853439546014482834","Mon Nov 04 14:09:57 +0000 2024","0","Setahun Fokus Karier Solo Rose Cerita Spill Rencana Kegiatan BLACKPINK di Tahun 2025 https://t.co/e4EyPpWtyh","1853439546014482834","","","in","Karanganyar, Jawa Tengah","0","0","0","https://x.com/Tribun_Solo/status/1853439546014482834","1255738688534790144","Tribun_Solo"
"1853434708467806419","Mon Nov 04 13:50:44 +0000 2024","0","Kok gaada blackpink ya","1853434708467806419","","","in","Yogyakarta","0","0","0","https://x.com/savvynameyra/status/1853434708467806419","1481313823","savvynameyra"
"1853418654777692562","Mon Nov 04 13:46:17 +0000 2024","0","Kalau ada yang mau samaan Jersey xodiac bisa kesini guys https://t.co/Xn812dbvJv AFV-XVW-EPQ","1853433587309383806","","yc_haluna","in","adeknya wendy","0","0","0","https://x.com/yc_haluna/status/1853433587309383806","3160405567","yc_haluna"
"1853393317532450889","Mon Nov 04 13:38:25 +0000 2024","0","@apansa_kalengs @Novitayulianaaa Sering¬≤ ntn Barcelona ","1853431610827505775","","apansa_kalengs","in","Indonesia","0","0","0","https://x.com/Aerio_Ina/status/1853431610827505775","1833001838020636672","Aerio_Ina"
"1853428320097992921","Mon Nov 04 13:25:21 +0000 2024","5","Jaeka~ #BLACKPINK #blackpink #LISA #ROSE #JENNIE ~ #JISOO #LISAXNEWWOMEN #jennie.u #BABYMONSTER #BABYMONSTER #ruka #ahyeon #pharita #rami #rora #asa #CHIQUITA https://t.co/HsR7dObuqu","1853428320097992921","https://pbs.twimg.com/media/GbizO7PXcAA_k5G.jpg","","in","","0","0","3","https://x.com/jeonnxk/status/1853428320097992921","1566034679043604480","jeonnxk"
"1853398307927888051","Mon Nov 04 13:14:07 +0000 2024","0","@beeeemooooo Woy woy masih sore min ","1853425494219518298","","beeeemooooo","in","Indonesia","0","0","0","https://x.com/Aerio_Ina/status/1853425494219518298","1833001838020636672","Aerio_Ina"
"1853424844190494934","Mon Nov 04 13:11:32 +0000 2024","1","Gw bayangin nyesek aja jadi grup baru di situ. Ke music show cuma dikit promosi juga cuma sebentar. Kalo dulu oke lah grup kpop belum banyak. Blackpink bisa tetep dapat spotlight yg luar biasa meski jarang comeback.","1853424845645926798","","shinmenu_chan","in","","0","1","0","https://x.com/shinmenu_chan/status/1853424845645926798","1660827950353379329","shinmenu_chan"
"1853424844190494934","Mon Nov 04 13:11:32 +0000 2024","1","Gw penasaran sama cara marketing nya YG. Kenapa kekeh ngasih promosi yang dikit banget ke grup2 nya ya? Gak semua grup bisa di-setting dengan format kaya Blackpink yang kontennya sedikit tapi ekslusif.","1853424844190494934","","","in","","0","1","0","https://x.com/shinmenu_chan/status/1853424844190494934","1660827950353379329","shinmenu_chan"
"1853397600600486313","Mon Nov 04 13:11:02 +0000 2024","0","@SelebtwitMobil @razkaws Kok mirip yah https://t.co/c2smywwYwu","1853424719456018813","https://pbs.twimg.com/media/Gbiv9c6acAAx0rn.jpg","SelebtwitMobil","in","Indonesia","0","1","0","https://x.com/Aerio_Ina/status/1853424719456018813","1833001838020636672","Aerio_Ina"
"1853374136992886952","Mon Nov 04 13:10:47 +0000 2024","0","@razkaws @innovacommunity Lokal adanya buat jualan dipinggir jalan","1853424655748468819","","razkaws","in","Indonesia","0","0","0","https://x.com/Aerio_Ina/status/1853424655748468819","1833001838020636672","Aerio_Ina"
"1853424505504383354","Mon Nov 04 13:10:11 +0000 2024","0"," yuk ditak√® aab blackpink yg dipict detail dll boleh dm ^^ https://t.co/hIcB5U383v","1853424505504383354","","","in","RULES & CARA KIRIM MF ‚Üí","0","0","0","https://x.com/fansellmfs/status/1853424505504383354","986808966121336832","fansellmfs"
"1853418141189115961","Mon Nov 04 13:08:16 +0000 2024","0","@pengennyetir @ertigaid Balone HB lama apa baru?","1853424021901357075","","pengennyetir","in","Indonesia","0","1","0","https://x.com/Aerio_Ina/status/1853424021901357075","1833001838020636672","Aerio_Ina"
"1853347435374113069","Mon Nov 04 13:07:31 +0000 2024","0","@razkaws @Savvytrader6 @sicupuh @SelebtwitMobil @makanminumhappy @rgoestama @rapharay @ertigaid Wah menteri sapa nih?","1853423831475495327","","razkaws","in","Indonesia","0","0","0","https://x.com/Aerio_Ina/status/1853423831475495327","1833001838020636672","Aerio_Ina"
"1853423794574262660","Mon Nov 04 13:07:22 +0000 2024","0","Mkzs- Yuk danusan yg dipict ditake ~ ada aespa blackpink izone loona red velvet https://t.co/9yUTCaaoqK","1853423794574262660","","","in","CARA KIRIM MFS & RULES üëâ","0","0","0","https://x.com/marketkrzone/status/1853423794574262660","2946768709","marketkrzone"
"1853374136992886952","Mon Nov 04 13:06:53 +0000 2024","0","@razkaws @innovacommunity Ada dong di jepun sana cek YouTube pideonya https://t.co/r02TVajJa3","1853423676051636425","https://pbs.twimg.com/media/GbivAWvb0AAXgMv.jpg","razkaws","in","Indonesia","0","1","0","https://x.com/Aerio_Ina/status/1853423676051636425","1833001838020636672","Aerio_Ina"
"1853333734181032417","Mon Nov 04 13:06:34 +0000 2024","0","Benarrr wkwkw Kan.. Jisoo sunbae member blackpink ya... kalau bunga doang ntar traveling wkwkk https://t.co/W4F8Kum0me","1853423593453236329","https://pbs.twimg.com/media/Gbiu7mGa8AAgurL.jpg","sxeoyon","in","flavory | OL-008 | 179World","0","1","0","https://x.com/sxeoyon/status/1853423593453236329","1329254337009254400","sxeoyon"
"1853393317532450889","Mon Nov 04 13:01:31 +0000 2024","0","@apansa_kalengs @Novitayulianaaa Maunya dijemput pake Ertiga yang ada sticker @FCBarcelona ","1853422323506004321","","apansa_kalengs","in","Indonesia","0","1","0","https://x.com/Aerio_Ina/status/1853422323506004321","1833001838020636672","Aerio_Ina"
"1853422276999540900","Mon Nov 04 13:01:20 +0000 2024","0","Elah stan blackpink toh Pantes goblok","1853422276999540900","","","in","","0","0","0","https://x.com/channyyy127/status/1853422276999540900","1748013125587382272","channyyy127"
"1853357777609216247","Mon Nov 04 12:59:12 +0000 2024","0","@SelebtwitMobil Barusan ketemu juga yang plat nomernya kebalik sayang ga bawa HP ","1853421740657103358","","SelebtwitMobil","in","Indonesia","0","0","0","https://x.com/Aerio_Ina/status/1853421740657103358","1833001838020636672","Aerio_Ina"
"1853421285986250825","Mon Nov 04 12:57:24 +0000 2024","0","Gendeng iki ","1853421285986250825","","","in","Indonesia","0","0","0","https://x.com/Aerio_Ina/status/1853421285986250825","1833001838020636672","Aerio_Ina"
"1853418141189115961","Mon Nov 04 12:52:57 +0000 2024","2","@ertigaid Putih https://t.co/0Vw8IPAiY9","1853420166031479030","https://pbs.twimg.com/media/Gbirz1jaoAAarP7.jpg","ertigaid","in","Indonesia","0","1","0","https://x.com/Aerio_Ina/status/1853420166031479030","1833001838020636672","Aerio_Ina"
"1853124945515368695","Mon Nov 04 12:51:38 +0000 2024","0","@ertigaid @sonneeaa @spressoid @wagonrid @SelebtwitMobil Merahnya seger beda sama yang ada badaknya ","1853419836715749559","","ertigaid","in","Indonesia","0","0","0","https://x.com/Aerio_Ina/status/1853419836715749559","1833001838020636672","Aerio_Ina"
"1853406437139153375","Mon Nov 04 11:58:23 +0000 2024","0","OPEN TRIP FANMEETUP LISA IN JAKARTA with Blink Bandung [Bandung - Venue - Bandung] Hi Lilies &amp; Blinks! Sudah siap bertemu teh Lisa?? Yuk gas book tripnya! More info/pendaftaran : DM Wts wtb trip konser bdg jkt #lisa #blackpink #blinkindonesia #lilies #lisainjakarta https://t.co/UdZxTJUhYD","1853406437139153375","https://pbs.twimg.com/media/GbifVRtbwAAnwGR.jpg","","in","Bandung, Jawa Barat","0","0","0","https://x.com/tripkonserbdg/status/1853406437139153375","892651723","tripkonserbdg"
"1853402286888005971","Mon Nov 04 11:55:27 +0000 2024","0","@Rosieasnne Mungkin udah saatnya Yeotjun masuk Blackpink noona. ","1853405698585133101","","Rosieasnne","in","Odens√©, 1999.","0","0","0","https://x.com/Yeotjun/status/1853405698585133101","983320079835119618","Yeotjun"
"1853299952488767778","Mon Nov 04 11:53:55 +0000 2024","0","@worksfess info kak","1853405309672329401","","worksfess","in","mencintaimu","0","0","0","https://x.com/dutalapis/status/1853405309672329401","1308442345977733121","dutalapis"
"1853401533662277665","Mon Nov 04 11:39:32 +0000 2024","0","terus sama blackpink sama babymonster","1853401689786884472","","winterddaily","in","hati jaehyun","0","0","0","https://x.com/winterddaily/status/1853401689786884472","1613065133672239104","winterddaily"
"1853401321816383669","Mon Nov 04 11:38:04 +0000 2024","0","Ô∏è [ JENNIE LAYOUT READY STOCK ] ada 15 stok leot yang bisa kamu jemput retext recolor t. BLACKPINK BP gg cewe bright dark #zonauang (1) https://t.co/dX2Fi2fIuC","1853401321816383669","https://pbs.twimg.com/media/Ga1bY_NbgAAbMQ_.jpg","","in","QRIS only","0","0","0","https://x.com/bouzvardia/status/1853401321816383669","747401651321962496","bouzvardia"
"1853399118829547524","Mon Nov 04 11:29:19 +0000 2024","0","Lisa Blackpink dodol keripik TARIKKKK!!!!!","1853399120607875164","","jimotheeeyyy","in","Vought Tower","0","0","0","https://x.com/jimotheeeyyy/status/1853399120607875164","969228840424808448","jimotheeeyyy"
"1852897982804578439","Mon Nov 04 11:21:59 +0000 2024","0","@emmawhatsen Tolol bgt si caa caa ini BLACKPINK GG KOREA DEBUT DI KOREA YA YANG DITUNJUKIN HASIL CHART KOREA LAH GOBLOK ITU MENANDAKAN BLACKPINK UDAH TERKENAL DARI DEBUT BAHKAN SEBELUM DEBUT UDAH PADA NUNGGUIN Mbakk udah mbaakk mending lu out dari kremik biar gak tolol kaya bts dan hybe","1853397277085430234","","emmawhatsen","in","","0","0","0","https://x.com/vanillarosessr/status/1853397277085430234","1556296436589150208","vanillarosessr"
"1853396441433260435","Mon Nov 04 11:18:40 +0000 2024","0","wts lfb camera corder camcorder digicam digital camera canon ixus sony fujifilm kodak film polaroid instax iphone vintage dslr cam ph","1853396441433260435","","","in","him ; 06","0","0","0","https://x.com/bloomyyrosie_/status/1853396441433260435","1692785550552625152","bloomyyrosie_"
"1853396212847968387","Mon Nov 04 11:17:46 +0000 2024","0","inget bangeeet akuuuh blackpink melejit era majimak chodom karna aku suka blackpink era ituuu jugaaa","1853396212847968387","","","in","Indonesia","0","0","0","https://x.com/daniasrtk/status/1853396212847968387","1188442466","daniasrtk"
"1853395635996692761","Mon Nov 04 11:15:28 +0000 2024","1","hiyyih and jj cuties Ô∏è","1853395635996692761","","","in","Swithland, England","0","0","0","https://x.com/gaeforisa/status/1853395635996692761","829291226927083526","gaeforisa"
"1853388317402050861","Mon Nov 04 11:01:09 +0000 2024","0","@SobatHAPE Galaxy A53 256GB 96% terisi https://t.co/9GdwMfurQC","1853392030711353411","https://pbs.twimg.com/media/GbiSOsUacAA2mt-.jpg","SobatHAPE","in","","0","0","0","https://x.com/blackpinkeu9889/status/1853392030711353411","306077692","blackpinkeu9889"
"1853328826530771381","Mon Nov 04 10:57:28 +0000 2024","0","@kegblgnunfaedh Ngga tau diri banget kntl!","1853391105662013843","","kegblgnunfaedh","in","","0","0","0","https://x.com/blackpinkeu9889/status/1853391105662013843","306077692","blackpinkeu9889"
"1852973886209720378","Mon Nov 04 10:55:44 +0000 2024","0","@Gichaichaa_ selalunya senior YG mcm gdragon bigbang 2ne1 yg promote adik adik diorang abang kakak pun dah hebat apatah lagi adik blackpink tak perlu berkepit dengan bapuk/botie korea buat naik mv bagus suara bagus menari bagus hehehehehehheheheheehehehe https://t.co/KDSEAWWQ5o","1853390670226243584","https://pbs.twimg.com/media/GbiQ_Xta0AA38kM.jpg","Gichaichaa_","in","","0","0","0","https://x.com/Aria_Ghozy99/status/1853390670226243584","1776287590175674368","Aria_Ghozy99"
"1853388690904826295","Mon Nov 04 10:53:20 +0000 2024","0","@lopiaya eh tolol itu gak cover yq tolol itu remake tolol lagunya udah punya blackpink tolol","1853390063905968587","","lopiaya","in","","0","0","0","https://x.com/SyahrilJane/status/1853390063905968587","1738984734372569088","SyahrilJane"
"1853389225468498014","Mon Nov 04 10:50:00 +0000 2024","0","eh ini beneran hasilnya sebagus itu auto jadi Lisa blackpink dong warnain rambut pakai ini waktunya SASHA Is Back bersinar dirambut gue https://t.co/4xcOdm76Nb","1853389225468498014","https://pbs.twimg.com/ext_tw_video_thumb/1853378518304043008/pu/img/VkxsWlvOPVLeytRl.jpg","","in","","0","0","2","https://x.com/dxnsuss/status/1853389225468498014","1570814881150173188","dxnsuss"
"1853169413647991127","Mon Nov 04 09:31:29 +0000 2024","0","@MiskinTV_ farhat booti langsung kicep","1853369466366972317","","MiskinTV_","in","","0","0","0","https://x.com/AmelSatos13709/status/1853369466366972317","1837465758470918144","AmelSatos13709"
"1853369058818990462","Mon Nov 04 09:29:52 +0000 2024","0","#gsell lightstick blackpink sisa 1 biji ajaa masih sealed udah ready ina siap kirim kerumah kamu https://t.co/hzNq9cLJ6J","1853369058818990462","","","in","Surabaya","0","0","0","https://x.com/awbwubwu/status/1853369058818990462","1336051581662371845","awbwubwu"
"1853362754855510016","Mon Nov 04 09:25:54 +0000 2024","0","@TonightShow_NET @bigground_ent Kak Mimin yang caem nya 11 12 kek LISA blackpink .. Plis ajak aku dok nonton teteh LISA Kepengen liat secara real dengan suasana konser megah nya teh LISA . Kakak min yg caem plis ajak aku yakkk nanti kita sing a song bareng si teteh lisa kembara mimin ","1853368060826226795","","TonightShow_NET","in","Depok, Indonesia","0","0","0","https://x.com/dv_dv125/status/1853368060826226795","1231813496964177920","dv_dv125"
"1853365544835252296","Mon Nov 04 09:15:54 +0000 2024","0","eh mabok ya dia BLACKPINK DOMPLENG BTS???YANG BENER AJA NJIR nulis di wattpad aja sono ngarangnya bagus bgt","1853365544835252296","","","in","","0","0","0","https://x.com/maqnifiquave/status/1853365544835252296","1508462631262523399","maqnifiquave"
"1853365531472204163","Mon Nov 04 09:15:51 +0000 2024","6","3D sudah melampaui 700 juta stream di Spotify. GOLDEN menjadi album artis Asia pertama yang memiliki 3 lagu yang mencapai 700 juta stream di Spotify. Artis K-pop dengan lagu terbanyak yang diputar lebih dari 700 juta kali di Spotify: #1 BTS 8 lagu #2 Blackpink 5 lagu #3 https://t.co/R7DPL31Phs","1853365531472204163","https://pbs.twimg.com/media/Gbh6HSQbcAA2Jvk.jpg","","in","","0","0","0","https://x.com/taekook_IDN/status/1853365531472204163","1715192274026704896","taekook_IDN"
"1853365297962488305","Mon Nov 04 09:14:55 +0000 2024","0","Temos algum utt em comum? Skz: seungmin P1h: theo TxT: taehyun Enha: jungwon NewJeans: danielle Aespa: winter Le sserafim: sakura Blackpink: jisoo BTS: jin Itzy: ryujin","1853365297962488305","","","in","army‚Å∑stay‚Å∏once‚Åπ","0","0","0","https://x.com/soffesdiary/status/1853365297962488305","1285753535934627841","soffesdiary"
"1853363918946889815","Mon Nov 04 09:09:26 +0000 2024","0","Dari blackpink predebut tuh membernya udah dimarketingin sebagai future 2ne1 makanya pas debut ya fans2 YG yang suka 2ne1 pasti nungguin dan penasaran pas bgt lagunya juga enak emang tipikal YG bgt jadi wajar langsung meledak","1853363918946889815","","","in","","0","0","0","https://x.com/joombajookiba/status/1853363918946889815","39964318","joombajookiba"
"1852897982804578439","Mon Nov 04 09:04:24 +0000 2024","0","@emmawhatsen Wkwkwkwkwkkwk blackpink terkenal karena dari agensi big 3 masuk akal blackpink terkenal karena bts tuh korelasinya jauh bgt woyyy ","1853362651566686611","","emmawhatsen","in","","0","0","0","https://x.com/Nadiyatoru1/status/1853362651566686611","1241365730949337089","Nadiyatoru1"
"1853361266762645927","Mon Nov 04 08:58:54 +0000 2024","0","lah blackpink grup kpop pertama yg nempatin posisi 1 di WW itunes album bahkan oppa boti lu aja blm nyentuh itu dulu skwk. yakali pansos sama boti miskin ketika punya senior sekelas BB ","1853361266762645927","","","in","Melbourne, Victoria","0","0","0","https://x.com/pinkgzy/status/1853361266762645927","1347331749496254466","pinkgzy"
"1853346655221018736","Mon Nov 04 08:53:33 +0000 2024","0","@refillbubur yang harry potter kemaren aja antrinya gila2an apalagi yg blackpink ini","1853359922320400625","","refillbubur","in","she/her","0","1","0","https://x.com/ttreokbokki/status/1853359922320400625","1361515250172928002","ttreokbokki"
"1852897982804578439","Mon Nov 04 08:53:13 +0000 2024","0","@emmawhatsen si tolol ini ngikut kpop sejak kapan sih wkwkk eh tolol wktu mncul berita lineup member blackpink aja udh viral dan populer rilis boombayah sm whistlenya aja lngsung hits parah dlu dan gk ada tuh efek bts ya anak anjing.","1853359834957255117","","emmawhatsen","in","","0","0","0","https://x.com/daharawit/status/1853359834957255117","1759294096353759232","daharawit"
"1853072190301737358","Mon Nov 04 08:51:09 +0000 2024","0","@tanyarlfes Mau dibilang lebih cantik kalo aiueo gakan ngaruh krn buat aku aku udh cantik bgt ky jennie blackpink","1853359316121928012","","tanyarlfes","in","","0","0","0","https://x.com/lobakdanwortel/status/1853359316121928012","1815562943393918976","lobakdanwortel"
"1853358376732004388","Mon Nov 04 08:47:25 +0000 2024","0","haluu kocakkk. blackpink saingan di chart BB aja bareng 2NE1 sama BIGBANG. album pertama blackpink itu album KPOP pertama yg jadi bomor 1 di worldwide itunes chart ngegeser adele lu bayangin ADELE! bts aja blm nyentuh posisi itu wkwk","1853358376732004388","","","in","Melbourne, Victoria","0","0","0","https://x.com/pinkgzy/status/1853358376732004388","1347331749496254466","pinkgzy"
"1853357534004035915","Mon Nov 04 08:44:04 +0000 2024","2","60k MY1PICK AVAILABILE DM to buy wtb lfb wts lfs bts exo blackpink jisoo redvelvet wendy twice jihyo xodiac tempest unis hori7on rony parulian nyoman paul lyodra ginting salma salsabil anggis devaki","1853357534004035915","","","in","OPEN","0","0","0","https://x.com/AFFORDAVTS/status/1853357534004035915","1614989954169602048","AFFORDAVTS"
"1853299779574563125","Mon Nov 04 08:33:48 +0000 2024","0","@Celotehanimell @wagonrid @spressoid @ertigaid @SelebtwitMobil Mungkin hasil lanjutan kerjasama ini https://t.co/QDX4kNnEjE","1853354951629504644","","Celotehanimell","in","Indonesia","0","1","0","https://x.com/Aerio_Ina/status/1853354951629504644","1833001838020636672","Aerio_Ina"
"1853354766140944517","Mon Nov 04 08:33:04 +0000 2024","0","3 kata lucu: blackpink dompleng bts","1853354766140944517","","","in","","0","0","0","https://x.com/Prikitiwwws/status/1853354766140944517","1559573368621641728","Prikitiwwws"
"1853347435374113069","Mon Nov 04 08:32:32 +0000 2024","0","@razkaws @sicupuh @SelebtwitMobil @makanminumhappy @rgoestama @rapharay @ertigaid @Savvytrader6 Masi sodara ama ini gak? https://t.co/OKQJnRM3pR","1853354633072427281","https://pbs.twimg.com/media/GbhwN3WaoAAwW3P.jpg","razkaws","in","Indonesia","0","2","0","https://x.com/Aerio_Ina/status/1853354633072427281","1833001838020636672","Aerio_Ina"
"1853299779574563125","Mon Nov 04 08:30:10 +0000 2024","0","@SelebtwitMobil @spressoid @jhinseluck @wagonrid @ertigaid Denger kalo ini mah tp lupa ","1853354036910789088","","SelebtwitMobil","in","Indonesia","0","0","0","https://x.com/Aerio_Ina/status/1853354036910789088","1833001838020636672","Aerio_Ina"
"1853314704455975311","Mon Nov 04 05:53:53 +0000 2024","0","mw ngakak ada kan template 1 month group songs challenge. like song that make you emotional make you happy dll lah kl blackpink sebulan jg abis smua lagunya gbs pilih pilih krn lagunya cm 32","1853314704455975311","","","in","","0","1","0","https://x.com/icebearfangirl/status/1853314704455975311","533856924","icebearfangirl"
"1853116086184734951","Mon Nov 04 05:48:19 +0000 2024","0","@SelebtwitMobil @deddypp5 @Ultrasurmdrdsta Wkwkwkw","1853313305059680531","","SelebtwitMobil","in","Indonesia","0","0","0","https://x.com/Aerio_Ina/status/1853313305059680531","1833001838020636672","Aerio_Ina"
"1853312221457297469","Mon Nov 04 05:44:01 +0000 2024","0","1 kalimat lucu blackpink dompleng bts pffffffft https://t.co/Lb2pDkBlVa","1853312221457297469","https://pbs.twimg.com/media/GbhJoq5bgAAkXLN.jpg","","in","üèñÔ∏è","0","0","0","https://x.com/jennierubyburn/status/1853312221457297469","1348528073038204930","jennierubyburn"
"1853308070891593810","Mon Nov 04 05:27:31 +0000 2024","0","pinksell! yuk jajan aku kasih free postcard official bp nanti https://t.co/h8yRu814mt","1853308070891593810","","","in","KIRIM MENFESS üëáüèª","0","0","0","https://x.com/ourbpmart/status/1853308070891593810","1676498531702706176","ourbpmart"
"1852897982804578439","Mon Nov 04 05:23:36 +0000 2024","0","@emmawhatsen ya blackpink mah dr debut dah famous kan selalu disindir jga big3 privilege beda ma yg selalu mengagung agungkan 'agensi kecil' ","1853307082927427634","","emmawhatsen","in","","0","0","0","https://x.com/fanplusonedotco/status/1853307082927427634","1732323200053170176","fanplusonedotco"
"1853306850571334060","Mon Nov 04 05:22:40 +0000 2024","10","BLACKPINK GA PERNAH DOMPLENG ATAU NGUMPET DIBAWAH KETEK IDOL LAIN MEREKA SUKSES KARENA MEREKA SENDIRI. BP BAHKAN JARANG MENTION IDOL LAIN JADI TOLONG STOP NGAKU NGAKU.","1853306850571334060","","","in","","0","0","0","https://x.com/aaki_rraa/status/1853306850571334060","1647141076178964480","aaki_rraa"
"1852897982804578439","Mon Nov 04 05:15:36 +0000 2024","35","@emmawhatsen Blackpink kan girl group dari Korea goblok","1853305070651322371","","emmawhatsen","in","","0","0","0","https://x.com/AikDlRy/status/1853305070651322371","1458039402106478608","AikDlRy"
"1853304672817430718","Mon Nov 04 05:14:01 +0000 2024","1","ye kocak blackpink (dulu pinkpunk) mah udah lama terkenal padahal masih trainee video dance eval yang bitch better have my money aja booming.","1853304672817430718","","","in","dnf w/o consent.","0","0","0","https://x.com/mcmobami/status/1853304672817430718","1146433007760203776","mcmobami"
"1853304488678785444","Mon Nov 04 05:13:17 +0000 2024","0","temos algum utt/bias em comum? skz: minsung gidle: - enhypen: sunoo le sserafim: - bts: suga aespa: karina kiss of life: - twice: - blackpink: jensoo itzy: ryeji","1853304488678785444","","","in","any pronoun  autismo e tdah","0","0","0","https://x.com/leeknowcaralho/status/1853304488678785444","1471286279820218373","leeknowcaralho"
"1853303427989983694","Mon Nov 04 05:09:04 +0000 2024","0","dompleng di bagian mana collab kaga pernah interaksi kaga ada. dompleng di sebelah mananya blackpink dari awal debut udah gede anjir gongnya pas ddd","1853303427989983694","","","in","","0","0","0","https://x.com/0ongerhuman/status/1853303427989983694","1418532595193696261","0ongerhuman"
"1853301831549820978","Mon Nov 04 05:02:43 +0000 2024","0","Sorry yah blackpink dari awal debut rilis boombayah udah dapet allkill ","1853301831549820978","","","in","","0","0","0","https://x.com/itsoudy/status/1853301831549820978","1309880268950441984","itsoudy"
"1853300657023049793","Mon Nov 04 04:58:03 +0000 2024","0","[QUIZ] Intip Tempat Wisata Dunia ala Jennie BLACKPINK Sesuai Karaktermu! https://t.co/2xjkdrfDph","1853300657023049793","","","in","","0","0","0","https://x.com/IDNTimesTravel/status/1853300657023049793","1616331769376276480","IDNTimesTravel"
"1853300601683345573","Mon Nov 04 04:57:50 +0000 2024","0","si ody dari jaman blackpink blm kambek pink venom sampe skrg blackpink gak lanjut kontrak sama YG masih aja suka ribut gua aja nyesel dulu belain fav sampe sebegitunya","1853300601683345573","","","in","buy","0","0","0","https://x.com/dokumentaxi/status/1853300601683345573","1837747766464073734","dokumentaxi"
"1853300276473766224","Mon Nov 04 04:56:33 +0000 2024","0","Blackpink mode eceran aja udah kalah tuh si hyberuk awowkwok","1853300276473766224","","","in","","0","0","0","https://x.com/Vaannnyyyyy/status/1853300276473766224","269151032","Vaannnyyyyy"
"1853299779574563125","Mon Nov 04 04:54:34 +0000 2024","11","BMW apaan nih? https://t.co/kf26MrRPGF","1853299779574563125","https://pbs.twimg.com/media/Gbg-UtoaUAAtHMP.jpg","","in","Indonesia","6","5","1","https://x.com/Aerio_Ina/status/1853299779574563125","1833001838020636672","Aerio_Ina"
"1852897982804578439","Mon Nov 04 04:52:01 +0000 2024","0","@emmawhatsen mjb banget nih gua justru tau blackpink duluan dibanding bities gua baru tau dan baru denger bities pas thn 2020 sedangkan blackpink udah dari thn 2017","1853299136667513104","","emmawhatsen","in","","0","0","0","https://x.com/canyonnmoony/status/1853299136667513104","2506883690","canyonnmoony"
"1853124945515368695","Mon Nov 04 04:50:45 +0000 2024","5","@spressoid @ertigaid @wagonrid @SelebtwitMobil Tetangga sebelah beda RT barusan ganti XL7 dr espander katanya lbh enak buat tarik2an sama lbh murah biaya perawatan dr pd espan","1853298817623642309","","spressoid","in","Indonesia","0","1","2","https://x.com/Aerio_Ina/status/1853298817623642309","1833001838020636672","Aerio_Ina"
"1853298570855956625","Mon Nov 04 04:49:46 +0000 2024","101","Oooohh ni ke Labubu Lisa Blackpink tu‚ÅâÔ∏è Patut viral https://t.co/ZhvC0PSnh0","1853298570855956625","https://pbs.twimg.com/media/Gbg9Oo7acAA5Dmp.jpg","","in","","0","1","99","https://x.com/shopaholic_52/status/1853298570855956625","1691881571803119616","shopaholic_52"
"1853283355741352170","Mon Nov 04 03:49:19 +0000 2024","0","Blackpink aja baru debut di hujat ga ada habis nya dari fans seniornya (gak hanya fans 2ne1) PANSOS KE SENIOR SELABELNYA AJA KAGA LAH INI DITUDUH PANSOS KE BATUES KAN LAWAK ANJ WKWKWKW","1853283355741352170","","","in","","0","0","0","https://x.com/galeechloe/status/1853283355741352170","1378351887066394626","galeechloe"
"1814249566402957441","Mon Nov 04 03:47:44 +0000 2024","0","@alndftn mau dong kak udah biasa war tiket juga aku bruno justin bieber twice blackpink","1853282958276432381","","alndftn","in","","0","1","0","https://x.com/yucabs/status/1853282958276432381","1845556404742148096","yucabs"
"1853282549159821553","Mon Nov 04 03:46:06 +0000 2024","0","COY BLACKPINK DEBUT UDAH PAK TERKENAL BUKAN KARENA PANSOS YA BRUH","1853282549159821553","","","in","Ahyeon ‚ô°","0","0","0","https://x.com/jennbyjane/status/1853282549159821553","1471991984747286529","jennbyjane"
"1853282042181751030","Mon Nov 04 03:44:05 +0000 2024","0","gua akuin bts keren bisa ngegedein bighit tapi jangan nyenggol orang dong. blackpink gede karena agensinya dari awal udah big 3 wkwkwkwk sama kayak babymonster skrg. Agensi-agensi tsb punya alasan kenapa disebut big 3 sblm adanya kuning :v","1853282042181751030","","","in","Jakarta Pusat, DKI Jakarta","0","1","0","https://x.com/jihoonsgifie/status/1853282042181751030","1781002023422533632","jihoonsgifie"
"1853280222684319781","Mon Nov 04 03:36:52 +0000 2024","0","tapi betul la mat. muka ganas dengaq blackpink takpa jangan muka kopiah tapi tengok blues clues","1853280222684319781","","","in","","0","0","0","https://x.com/_aidielfahmie/status/1853280222684319781","246360524","_aidielfahmie"
"1853277661164122194","Mon Nov 04 03:33:18 +0000 2024","0","@jaengaeeo Iya sejauh ini yg gue liat yg konsisten cuma ssm update juga konsisten YG udah gajelas cuma update blackpink doang","1853279327418478685","","jaengaeeo","in","","0","1","0","https://x.com/purlskysh/status/1853279327418478685","1765551153276997632","purlskysh"
"1853277919067713897","Mon Nov 04 03:27:42 +0000 2024","3","AIAH SANA MAKASALUBONG KITA WAHHHHHHHHHH","1853277919067713897","","","in","","1","0","0","https://x.com/blackpink_yeah/status/1853277919067713897","1557800633805451264","blackpink_yeah"
"1853118142014431347","Mon Nov 04 03:27:25 +0000 2024","0","@doubleuforwoo 'Tapi kan baemon world tour sedangkan treasure jp asia jp asia.' YG bilangnya trs sama bm bkln lakuin their 1st wt di tahun dpn brg blackpink jg. 'Itungannya treasure harus nunggu 5 tahun utk wt' Sblm kita ngebahas momentum y giliran YG gunain momentum nya ttp salah","1853277844690104749","","doubleuforwoo","in","soloist junkyu","0","0","0","https://x.com/kyuluvsie/status/1853277844690104749","1470580466445025282","kyuluvsie"
"1852897982804578439","Mon Nov 04 03:24:46 +0000 2024","0","@emmawhatsen Ngakak banget narasi ngadi2 hahaha.. gw tau blackpink duluan dari bts malah ","1853277181545439428","","emmawhatsen","in","","0","0","0","https://x.com/knotzLS/status/1853277181545439428","1771284801863004160","knotzLS"
"1853276898635489305","Mon Nov 04 03:23:39 +0000 2024","0","Coba kasih gw satu bukti BLACKPINK pernah sebut BTS atau ngobrol di acara award aj ARMY TAHU MALUUUUU","1853276898635489305","","","in","","0","0","0","https://x.com/BLalisalia/status/1853276898635489305","1484876716955029504","BLalisalia"
"1852897982804578439","Mon Nov 04 03:19:11 +0000 2024","0","@emmawhatsen Kata kata lucuu BLACKPINK PANSOS KE BTS ","1853275773693735341","","emmawhatsen","in","ü¶ã","0","0","0","https://x.com/nndaaslsaa/status/1853275773693735341","1811448455170260994","nndaaslsaa"
"1853275721126347190","Mon Nov 04 03:18:58 +0000 2024","2","temos algum utt/bias em comum? skz: hyun seung e jeong. (utts) gidle: shuhua enhypen: sunghoon le sserafim: eunchae e kazuha bts: suga e tae aespa: ningning kiss of life: belle twice: dahyun blackpink: jennie itzy: chaeryeong","1853275721126347190","","","in","","1","2","0","https://x.com/ot8ari/status/1853275721126347190","1530728414029692928","ot8ari"
"1853274651993985160","Mon Nov 04 03:14:43 +0000 2024","1","temos algum utt em comum? skz: channie e hyun txt: yeonjun enhypen: jungwon ateez: sannie everglow: - boynextdoor: jaehyun e woonhak bts: taehyung twice: - blackpink: - itzy: ryujin e yeji","1853274651993985160","","","in","itzy+fimies+nwjns+xg+nmixx","0","0","0","https://x.com/luh__rm/status/1853274651993985160","1090409709222481920","luh__rm"
"1853274051034165747","Mon Nov 04 03:12:20 +0000 2024","1","temos algum utt em comum? skz: Jisung e Minho txt: Yeonjun enhypen: Niki ateez: Seonghwa everglow: - boynextdoor: Taesan e Woonhak bts: - twice: Jihyo blackpink: - itzy: Lia","1853274051034165747","","","in","Ele/dele","0","3","0","https://x.com/BoiolapeloGeum/status/1853274051034165747","1351390713251049472","BoiolapeloGeum"
"1853273718023475466","Mon Nov 04 03:11:01 +0000 2024","22","Baru¬≤ ini RK minta Resep/bekingan ( Prabowo &amp; Mulyono ) karana suara partai tidak menjamin dia menang akar rumput pun sebagian meninggalkannya. ---- Prabowo blackpink Oslo Garnacho https://t.co/oNmtHC3VbS","1853273718023475466","https://pbs.twimg.com/media/GbgmoAkbgAAb5Rh.jpg","","in","üáÆüá©","0","1","4","https://x.com/elsaday__/status/1853273718023475466","1316243860280889345","elsaday__"
"1853273690022236384","Mon Nov 04 03:10:54 +0000 2024","0","statement lucu: blackpink dompleng bts blackpink aja dari agensi kaya debut lgsg PAK even belum debut aja udah ditunggu tunggu. idol lu noh ngemis di jalan buat didatengin konsernya kocak","1853273690022236384","","","in","","0","1","0","https://x.com/lemonierosie/status/1853273690022236384","1397427684880175105","lemonierosie"
"1851431481467678795","Mon Nov 04 03:06:51 +0000 2024","0","@trentc8li Ga paham klub klub taunya Blackpink","1853272672735736087","","trentc8li","in","","0","1","0","https://x.com/devinc6li/status/1853272672735736087","1835201133155172353","devinc6li"
"1853272085222826174","Mon Nov 04 03:04:31 +0000 2024","0","Hasil live draw OREGON 09 04 NOVEMBER 2024 Result : 1698 Shio : Kelinci Selamat kepada para pemenang! #linitoto #situstogelonline #agentogelresmi #bandartogelonline #situstogelterpercaya #situstogelhadiahterbesar #blackpink","1853272085222826174","","","in","","0","0","0","https://x.com/linitoto3/status/1853272085222826174","330061597","linitoto3"
"1853271872940769365","Mon Nov 04 03:03:41 +0000 2024","0","anjir gue inget lagi pas mereka nyebut bigbang sama exo panutannya fakkkk ga sekalipun gue denger blackpink nyebut bts njing asbun mulu deh mba emmawhatsen","1853271872940769365","","","in","J","0","0","0","https://x.com/oceanaseaaa/status/1853271872940769365","1577474232002703360","oceanaseaaa"
"1853219714232877265","Mon Nov 04 02:59:11 +0000 2024","2","@LalalaKkim Soalnya gue keinget terus sm kalimat Blackpink dompleng BTS wkwkwk","1853270740399009858","","LalalaKkim","in","Numberones of BLINKüñ§üíó","0","1","0","https://x.com/Chipmunkhollie/status/1853270740399009858","1367789071313956865","Chipmunkhollie"
"1853270300018012409","Mon Nov 04 02:57:26 +0000 2024","0","ih tolol banget. blackpink sebelum debut dah terkenal apalagi pas dance bbhmm. ditambah makin terkenal debut lagu boombayah dan whistle. oppak u waktu awal debut/sebelum debut mana ada kaya blackpink yg terkenal karena talenta. bukan pansosin para sunbae wkwkwk.","1853270300018012409","","","in","","0","2","0","https://x.com/roseb/status/1853270300018012409","66113","roseb"
"1853269254789108018","Mon Nov 04 02:53:17 +0000 2024","0","yaampun goblok blackpink dari sebelum debut aja udah terkenal ye ungu tolol beda sama oppa lu yg suka pansos sana sini ke artis lain bedain tuh blackpink dari agensi mana‚ÄçÔ∏è oppa lu kan dari agensi miskin terus sekarang okb jadi norak gamau kalah sama yg lain","1853269254789108018","","","in","","0","0","0","https://x.com/cikicikow/status/1853269254789108018","1397972838712176640","cikicikow"
"1853268090450284909","Mon Nov 04 02:48:39 +0000 2024","0","lu pernah maen rp gak? lu tau Lalisa rps udah banyak even jaman mereka belum tentu debut jadi BLACKPINK.","1853268090450284909","","","in","","0","0","0","https://x.com/msbyoun/status/1853268090450284909","3112173846","msbyoun"
"1852897982804578439","Mon Nov 04 02:46:21 +0000 2024","0","@emmawhatsen girl berani bgt ngomong ginii... i'm not a fan of blackpink tapi YG stan dulu nunggu bgt debutnya BP karena YG lama ga debutin GB sejak 2NE1 ternyata pas debut as expected dan disupport semua fans agensi lain pls jangan jadiin grup lain samsak dong caaa","1853267509908238452","","emmawhatsen","in","‚†Äëú∑‚†Ä ‡§º ‚†Ä‚åí‚†ÄÍí∞‚†ÄbuwùóáùóáÍ™±ùñæ‚†ÄÍí±‚†Ä‡±®‡ßé‚†Ä ‡£™ ‡ß≤
‚†Äcelestial‚†Ärealm‚†Äth'‚†Ädaintyness
‚†Äbenevolent‚†Äluvies‚†Ädoll-human
‚†ÄÀöÔ∏∂Íí∑Íí•Íí∑ ‡πã‡£≠‚†Ä‚†Ä‚†Ä‚éØ‚éØ‚éØ  ‚†Ä‚†Ä ‡πã‡£≠Íí∑Íí•Íí∑Ô∏∂Àö","0","0","0","https://x.com/takii/status/1853267509908238452","3023282682","takii"
"1853267221071700223","Mon Nov 04 02:45:12 +0000 2024","4","Mau crot siapa ya blackpink #kontolin #pejuhin #crotin #kontolinfoto #kontolinmuka #kontolinaku #pejuhinfoto #pejuhinchallenge #pejuhinmuka #pejuhinaku #crotinfoto #crotinmuka #bacol #cumtribute #cocktribute #BLACKPINK","1853267221071700223","","","in","","0","0","0","https://x.com/Tra19427/status/1853267221071700223","1840396560594825216","Tra19427"
"1853266279697969460","Mon Nov 04 02:41:27 +0000 2024","0","Tiga kata lucu: Blackpink dompleng bts","1853266279697969460","","","in","Yogyakarta, Indonesia","0","0","0","https://x.com/billieryssss/status/1853266279697969460","889407766141390848","billieryssss"
"1853266115910353376","Mon Nov 04 02:40:48 +0000 2024","0","#sekalilagi blackpink Garnacho hujan Prabowo https://t.co/9VnX96CyTL","1853266115910353376","","","in","","0","0","0","https://x.com/antareja746/status/1853266115910353376","1491353194659606531","antareja746"
"1853266086298599583","Mon Nov 04 02:40:41 +0000 2024","0","#sekalilagi blackpink Garnacho hujan Prabowo https://t.co/2k0wxYnGjH","1853266086298599583","","","in","","0","0","0","https://x.com/antareja746/status/1853266086298599583","1491353194659606531","antareja746"
"1853266003725312411","Mon Nov 04 02:40:21 +0000 2024","0","#sekalilagi blackpink Garnacho hujan Prabowo https://t.co/XCoz7Kve4q","1853266003725312411","","","in","","0","0","0","https://x.com/antareja746/status/1853266003725312411","1491353194659606531","antareja746"
"1853265952055627821","Mon Nov 04 02:40:09 +0000 2024","0","#sekalilagi blackpink Garnacho hujan Prabowo https://t.co/fcobZJ788q","1853265952055627821","","","in","","0","0","0","https://x.com/antareja746/status/1853265952055627821","1491353194659606531","antareja746"
"1853265906132201554","Mon Nov 04 02:39:58 +0000 2024","0","@emmawhatsen oi kontol blackpink terkenal karena dia dari YG sebelum debut udah ditunggu2 knetz apalagi bigbang saat itu aktif fans bigbang antusiat nyambut BP. bahkan oppak bencong lo itu cuma remahan debu disaat bigbang aktif semua mata tertuju pada blackpink YGNGG","1853265906132201554","","emmawhatsen","in","sashisu // 20+","0","0","0","https://x.com/suguwru/status/1853265906132201554","1344314448203317248","suguwru"
"1853265894593659005","Mon Nov 04 02:39:55 +0000 2024","0","#sekalilagi blackpink Garnacho hujan Prabowo https://t.co/QTBzWG5m2H","1853265894593659005","","","in","","0","0","0","https://x.com/antareja746/status/1853265894593659005","1491353194659606531","antareja746"
"1853265710228934910","Mon Nov 04 02:39:11 +0000 2024","0","#sekalilagi blackpink Garnacho hujan Prabowo https://t.co/SFklYxIiu2","1853265710228934910","","","in","","0","0","0","https://x.com/antareja746/status/1853265710228934910","1491353194659606531","antareja746"
"1853265367348691019","Mon Nov 04 02:37:50 +0000 2024","0","#sekalilagi blackpink Garnacho hujan Prabowo https://t.co/6y8G64UlT7","1853265367348691019","","","in","","0","0","0","https://x.com/abusaid4038/status/1853265367348691019","1711001327881625600","abusaid4038"
"1853265333135811038","Mon Nov 04 02:37:42 +0000 2024","0","#sekalilagi blackpink Garnacho hujan Prabowo https://t.co/qdJ4BPEt2a","1853265333135811038","","","in","","0","0","0","https://x.com/abusaid4038/status/1853265333135811038","1711001327881625600","abusaid4038"
"1853265264009490827","Mon Nov 04 02:37:25 +0000 2024","0","#sekalilagi blackpink Garnacho hujan Prabowo https://t.co/5ki5smkChl","1853265264009490827","","","in","","0","0","0","https://x.com/abusaid4038/status/1853265264009490827","1711001327881625600","abusaid4038"
"1853265213971411231","Mon Nov 04 02:37:13 +0000 2024","0","#sekalilagi blackpink Garnacho hujan Prabowo https://t.co/VNbDfPkmTj","1853265213971411231","","","in","","0","0","0","https://x.com/abusaid4038/status/1853265213971411231","1711001327881625600","abusaid4038"
"1853265155079184409","Mon Nov 04 02:36:59 +0000 2024","0","#sekalilagi blackpink Garnacho hujan Prabowo https://t.co/r7yfhugidF","1853265155079184409","","","in","","0","0","0","https://x.com/abusaid4038/status/1853265155079184409","1711001327881625600","abusaid4038"
"1852965808580039141","Mon Nov 04 02:36:13 +0000 2024","1","@Zora030308 @____FN12 @BabeCats_Korea Saya tidak menyalahkan aktornya tapi para fens yang selalu mengabaikan pasangan karna pooh bisa seperti sekarang juga berkat pavel begitu juga sebaliknya pavel bisa seperti sekarang karna berkat pooh jadi fens harus tau diri kalian harus menyaingi mereka berdua.","1853264962820743399","","Zora030308","in","","0","1","0","https://x.com/EwingTapii65902/status/1853264962820743399","1800220869371039744","EwingTapii65902"
"1853252590290817526","Mon Nov 04 01:47:03 +0000 2024","0","??? semua org tau blackpink dari trainee aja udah banyak fansnya debutnya udah ditunggu tunggu. whistle pak dan dapet first win cuma beberapa hari setelah debut coy??? they're alr BIG from the start","1853252590290817526","","","in"," she/her, 20s","0","1","0","https://x.com/forjiwoongi/status/1853252590290817526","883647933555417088","forjiwoongi"
"1853252562105036818","Mon Nov 04 01:46:57 +0000 2024","1","Blackpink dompleng bts? Kocak dari awal debut juga bp udh ngumpet dibawah ketek 2NE1. Gk butuh nama bts jir their sister literally the legendary 2NE1 ","1853252562105036818","","","in","Bandung, West Java","18","14","2","https://x.com/maulidina17/status/1853252562105036818","112876525","maulidina17"
"1852897982804578439","Mon Nov 04 01:46:18 +0000 2024","0","@emmawhatsen Blackpink dari agensi big 3 belum debut pun yang nungguin juga udah banyak anjir?? Liat sunbaenya aja udah pada punya nama gede. Ngapain dompleng bts kocaaaakkk ini sensenya gimana sih ","1853252399445704716","","emmawhatsen","in","","0","0","0","https://x.com/josngseo/status/1853252399445704716","3471510193","josngseo"
"1853252135644717340","Mon Nov 04 01:45:15 +0000 2024","3","temos algum utt em comum? skz: 3racha txt: yeonjun e soob enhypen: jake e sunoo ateez: yunho hong e seonghwa everglow: ? boynextdoor: jaehyun bts: ? twice: sana e jihyo blackpink: Rose e lisa itzy: ryujin","1853252135644717340","","","in","uh i like it","4","6","0","https://x.com/hyunjinxerecudo/status/1853252135644717340","1804683122484617217","hyunjinxerecudo"
"1853251944581882309","Mon Nov 04 01:44:30 +0000 2024","0","lu tau gak pada masanya di kantek ui itu muternya lagu blackpink demi Allah gada yg kenal bts pas itu non kpop trus army tuh masih ngumpet2 krn avkor = anak alay","1853251944581882309","","","in","","0","0","0","https://x.com/creamycreamsoup/status/1853251944581882309","1289462619011571713","creamycreamsoup"
"1853242053515223542","Mon Nov 04 01:44:20 +0000 2024","0","@0xmams3el @injeunithread @tanyarlfes Duh kak banyak banget dari agensi yang terkenal bgt kek EXO Blackpink Twice NMIXX sampe idol dari agensi kecil pun mereka julidin. Bahkan trainee SM yang belom debut aja udah dijulidin visualnya kok mereka bisa tau wujud trainee agensi lain padahal belom debut","1853251902806639009","","0xmams3el","in","she/her","0","1","0","https://x.com/Felidae____/status/1853251902806639009","1076704152393211906","Felidae____"
"1852960937290203152","Mon Nov 04 01:39:56 +0000 2024","0","@Chipmunkhollie tapi blackpink pada support zionist","1853250796378603920","","Chipmunkhollie","in","","1","2","0","https://x.com/Slypheee/status/1853250796378603920","1422844992964284419","Slypheee"
"1853249166073307415","Mon Nov 04 01:33:27 +0000 2024","4","Temos algum utt em comum? Skz: Seungmin Chan e Minho P1h: Intak TxT: Soobin e Tae Enha: Jungwon NewJeans: Haerin e Minji Aespa: Karina Le sserafim: Kazuha Blackpink: Lisa e Jisoo BTS: Jk e Yoongi Itzy: Ryujin","1853249166073307415","","","in","„Ö§Haerin & Intak„Ö§","3","10","0","https://x.com/seungchanismo/status/1853249166073307415","1390673323495989258","seungchanismo"
"1853248148107657444","Mon Nov 04 01:29:24 +0000 2024","0","Not blackpink biased tp lu aneh bgt ngntt","1853248148107657444","","","in","ÂÆáÂÆô","0","0","0","https://x.com/_hellohimawari/status/1853248148107657444","1516210723076321281","_hellohimawari"
"1852972857695011210","Mon Nov 04 01:25:26 +0000 2024","0","@pengennyetir @razkaws Cakeo nih ijonya","1853247146545590544","","pengennyetir","in","Indonesia","0","1","0","https://x.com/Aerio_Ina/status/1853247146545590544","1833001838020636672","Aerio_Ina"
"1853124945515368695","Mon Nov 04 01:24:49 +0000 2024","13","@SelebtwitMobil Suzuki https://t.co/kguku9FwOd","1853246992698556502","https://pbs.twimg.com/media/GbgOT-TbAAAn63p.jpg","SelebtwitMobil","in","Indonesia","1","6","3","https://x.com/Aerio_Ina/status/1853246992698556502","1833001838020636672","Aerio_Ina"
"1852897982804578439","Mon Nov 04 01:16:47 +0000 2024","0","@emmawhatsen Idih idihhhhh dari mana ceritanya gg seberbakat blackpink dompleng ke bg itu? Ampun deh ","1853244971081773490","","emmawhatsen","in","17433","0","0","0","https://x.com/krtklstry/status/1853244971081773490","279906562","krtklstry"
"1853244955474665926","Mon Nov 04 01:16:43 +0000 2024","0","Pak @pramonoanung mengatakan tidak ada persiapan khusus untuk Festival Menyala 3 November 2024 dan penyebutannya bukan kampanye akbar melainkan Festival Menyala . . Pagiii Budi Arie Prabowo Denny Caknan blackpink Langka Pagi-pagi https://t.co/B3AcJhgXe6","1853244955474665926","https://pbs.twimg.com/ext_tw_video_thumb/1853019753046327296/pu/img/zMIsihRSUAgGKuH-.jpg","","in","","0","0","0","https://x.com/_P0c1_1mOeTWibu/status/1853244955474665926","1433636837633847296","_P0c1_1mOeTWibu"
"1853244599336419713","Mon Nov 04 01:15:18 +0000 2024","0","blackpink mah dari debut udah ditunggu tunggu.....kocak kocakk","1853244599336419713","","","in","","0","0","0","https://x.com/MrsCherryn/status/1853244599336419713","1270534524724580353","MrsCherryn"
"1853243893758001161","Mon Nov 04 01:12:30 +0000 2024","0","kocak banget blackpink dompleng bts noh idol mu yg dompleng bigbang","1853243893758001161","","","in","","0","0","0","https://x.com/dobbydoyie_/status/1853243893758001161","1415324609377832963","dobbydoyie_"
"1853243719329476731","Mon Nov 04 01:11:48 +0000 2024","0","anjing kata kata lucu hari ini blackpink dompleng bts ","1853243719329476731","","","in","","0","0","0","https://x.com/shinyunim/status/1853243719329476731","1741393526854930432","shinyunim"
"1853242746204832003","Mon Nov 04 01:07:56 +0000 2024","0","Negara ini Larang Pemutaran Lagu 'APT' Rose BLACKPINK dan Bruno Mars https://t.co/SIwQ2FAV4p","1853242746204832003","","","in","Jakarta Capital Region","0","0","0","https://x.com/cnbcindonesia/status/1853242746204832003","847372542830444544","cnbcindonesia"
"1853242087904616590","Mon Nov 04 01:05:19 +0000 2024","0","ngapain blackpink pansos ke bts cok WKWKWKWK blackpink awal debut aja emg udah rame ","1853242087904616590","","","in","","0","0","0","https://x.com/tehmanishamngat/status/1853242087904616590","1134490396619182080","tehmanishamngat"
"1852897982804578439","Mon Nov 04 01:04:21 +0000 2024","1","@emmawhatsen blackpink dari belum debut aja udah booming anjir grgr video dance practicenya ke leak pas mv debut keluar mereka kan disebut rookie monster grgr org org pada interest sm lisa dan lagunya enak didenger terlebih blackpink dari YG agensi gede yg konsepnya beda sm SM JYP","1853241840692330927","","emmawhatsen","in","she/her‚úåÔ∏é","0","0","0","https://x.com/valepotriates/status/1853241840692330927","715614112290459648","valepotriates"
"1853241320149750154","Mon Nov 04 01:02:16 +0000 2024","0","Gak habis pikir sama fandom itu‚Äç Blackpink dari sebelum debut aja udah rame banget","1853241320149750154","","","in","","0","0","0","https://x.com/sooyjoy96/status/1853241320149750154","2975723133","sooyjoy96"
"1852960937290203152","Mon Nov 04 00:59:26 +0000 2024","22","@Chipmunkhollie Blackpink mah cuma pansos sm krunk mau apa lu? https://t.co/c8MuCszm93","1853240607021683107","https://pbs.twimg.com/media/GbgIeGnbUAApyEE.jpg","Chipmunkhollie","in","","0","0","0","https://x.com/broneedsbf/status/1853240607021683107","1558703718945591296","broneedsbf"
"1852897982804578439","Mon Nov 04 00:59:09 +0000 2024","0","@emmawhatsen blackpink dari BIG3 woeeee bangoooon. BIG3 kalo debutin GG auto jd pusat perhatian. Redvelvet debut sehari langsung viewsnya 10 juta dulu kalo mvnya ga diapus. Sekate kate aja","1853240533239623715","","emmawhatsen","in","","0","0","0","https://x.com/Jinmyhub/status/1853240533239623715","1448773876918358016","Jinmyhub"
"1853240084650414466","Mon Nov 04 00:57:22 +0000 2024","43","Dek u gak cuma diketawain sama fans blackpink tapi juga diketawain sama casual listenernya blackpink dekkk https://t.co/rqLJao2uDY","1853240084650414466","https://pbs.twimg.com/media/GbgICQyasAAzBqt.jpg","","in","she/her ","0","1","4","https://x.com/pinkballey/status/1853240084650414466","1455042035899981826","pinkballey"
"1852710646053585165","Mon Nov 04 00:55:45 +0000 2024","0","@fyochrarall @Kimrera @Glow_JI @pujianyou @crisidentity compare itu yg apple to apple grup? bts sama coldplay blackpink sama selena lalu solo? jungkook sama latto rose sama bruno atau jennie sama the weeknd aku ga masukin jimin disini ya soalnya tittle dia ga ada yg collab","1853239677224202666","","AMIIIIIIITAN","in","","0","1","0","https://x.com/AMIIIIIIITAN/status/1853239677224202666","1286328989187883010","AMIIIIIIITAN"
"1853103327833374906","Mon Nov 04 00:54:20 +0000 2024","0","@myamourjk @butakkhe HEH BOTI BLACKPINK U","1853239320930586844","","myamourjk","in","","0","0","0","https://x.com/NUNGGUIN_YAAAA/status/1853239320930586844","1802283215455125504","NUNGGUIN_YAAAA"
"1853238141769105811","Mon Nov 04 00:49:39 +0000 2024","0","Want to sell WTS INA Lightstick Blackpink Official Ver 2 Baru kepake 1x murah aja under hb soalnya BU. Masih 100% mulus sampe box box nya wts wtb ls light stick ofc bp black pink v2 version 2 jisoo jennie ros√© lisa","1853238141769105811","","","in","","0","0","0","https://x.com/suspedd/status/1853238141769105811","435070489","suspedd"
"1853236944161198489","Mon Nov 04 00:44:53 +0000 2024","0","ini orang sadar ga sih apa yang dia ketik? BLACKPINK dompleng 875? udah sinting. bahkan gue (dulu non K-poper) lebih tau duluan debut-nya BLACKPINK dibanding 875 ya jembut","1853236944161198489","","","in","","0","0","0","https://x.com/geshulisa/status/1853236944161198489","1454426042181980166","geshulisa"
"1853236624878080132","Mon Nov 04 00:43:37 +0000 2024","0","Mana ada Blackpink dompleng BTS!! BP h+7 uwd PAK melejit naik nya era du du du th 2018.. bsok** research dulu ya biar ga malu..","1853236624878080132","","","in","Bali, Indonesia","0","0","0","https://x.com/aiirynviiandsaa/status/1853236624878080132","66890411","aiirynviiandsaa"
"1853236316311540132","Mon Nov 04 00:42:23 +0000 2024","1","Jadi mau cerita wkwkw awal gua masuk dunia kpop karena kan tertarik sama blackpink nah terus di ytb gua muncul tuh video jk lisa wkwk setelah itu gua cari tau tuh jk tuh siapaa dari grup mana dan ternyata dia anggota bts jadi gua ngestan bts juga dulu","1853236316311540132","","","in","","0","1","0","https://x.com/bucinnctnih/status/1853236316311540132","1358022221956976640","bucinnctnih"
"1852897982804578439","Mon Nov 04 00:39:03 +0000 2024","0","@emmawhatsen Blackpink itu udah ditungguin dari rumor nama mereka masih pinkpunk. Bahkan predebut tiap member udah punya fans jadigak usah ngaku2. Dan mereka lahir dari dari YG part of Big 3 adik Bigbang dan 2NE1.","1853235477178191913","","emmawhatsen","in","","0","0","0","https://x.com/danhappy103/status/1853235477178191913","3281175560","danhappy103"
"1853234075697602686","Mon Nov 04 00:33:29 +0000 2024","0","tapi serius gua gak pernah denger lagu jimin lewat di fyp tiktok/reels ig/shorts youtube padahal segede itu streamsnya loh. make sense kalo dipertanyakan. sedangkan lagu solo blackpink yg jarang gua dengerin pun masih sering lewat karena trend/sound nya tuh dipake.","1853234075697602686","","","in","","0","0","0","https://x.com/womihun/status/1853234075697602686","1529167514986770432","womihun"
"1852897982804578439","Mon Nov 04 00:33:29 +0000 2024","0","@emmawhatsen Seriously? Blackpink dari agensi top 3 dompleng ke bts yg agensinya miskin? WKWKWKWKWK","1853234073239732707","","emmawhatsen","in","Akun sambat","0","0","0","https://x.com/aphrodytext/status/1853234073239732707","1538307176879783936","aphrodytext"
"1852960937290203152","Mon Nov 04 00:32:12 +0000 2024","3","@Chipmunkhollie mba emma tau ga! waktu blackpink mau debut itu ditunggu GB YGEnt ditunggu bgt makanya pas debut lagunya cocok dan diterima makanya BLACKPINK 2016 besarrr","1853233749858869465","","Chipmunkhollie","in","Indonesia","0","0","0","https://x.com/alexashia/status/1853233749858869465","96272263","alexashia"
"1853219530295910690","Mon Nov 04 00:31:28 +0000 2024","0","@poohkt_trending Semangat votenya","1853233567029174550","","poohkt_trending","in","","0","0","0","https://x.com/EwingTapii65902/status/1853233567029174550","1800220869371039744","EwingTapii65902"
"1853217279032623127","Mon Nov 04 00:30:41 +0000 2024","0","@poohpavel_br Dapat piala?","1853233369469100374","","poohpavel_br","in","","0","0","0","https://x.com/EwingTapii65902/status/1853233369469100374","1800220869371039744","EwingTapii65902"
"1853107770222063785","Sun Nov 03 22:41:15 +0000 2024","0","@kangtypooo iya blackpink pernah juga","1853205831220973637","","kangtypooo","in","anfield","0","0","0","https://x.com/haeitsmine/status/1853205831220973637","1680536770352660480","haeitsmine"
"1853204292351709512","Sun Nov 03 22:35:08 +0000 2024","21","BP mo dompleng apaan dr BTS ketika BTS aja msh caper sm Bigbang sambil jual cerita sedih buat bisa saingan sama Exo sorry aja Blackpink satu-satunya grup kpop yg debut dengan lagu PAK tercepat cm 6hari dari debut BP udh sukses dn gk pake jual cerita sedih buat ngemis dukungan","1853204292351709512","","","in","","0","0","2","https://x.com/chi__chu103/status/1853204292351709512","1623834375266897922","chi__chu103"
"1853202894188851708","Sun Nov 03 22:29:35 +0000 2024","0","gw bahkan sebelum tau blackpink udah tau lagu-lagunya mereka pas gw kenal mereka gw langsung nyeletuk 'owalah jadi lagu ini tuh lagunya bp toh' karena saking seringnya ngedenger lagu mereka di play dimana2 gaada gw tau lagu bp dari bities atau artis lain ","1853202894188851708","","","in","","0","0","0","https://x.com/foyevei/status/1853202894188851708","1736356377797484544","foyevei"
"1852997506336198805","Sun Nov 03 22:26:52 +0000 2024","0","@SIimberries @txtsoobinie_ @bangtgn @shuwuri Mbak aku yang bukan Blink sama orang awam non-kpopers aja masih tau lho lagu-lagu Blackpink beda soal sama Bts lagunya gak pernah kedenger apalagi orang awam gak ada yang tau tapi bisa masuk chart sana-sini (bukan iri) makanya kita bertanya-tanya","1853202208998977826","","SIimberries","in","","0","4","0","https://x.com/ahrasama88/status/1853202208998977826","1738924899664867328","ahrasama88"
"1853201838813880633","Sun Nov 03 22:25:23 +0000 2024","16","Non blink tapi jujur gue akuin valid banget sih di awal debut blackpink emang beneran udah terkenal banget. Bahkan pas foto teaser mereka keluar satu persatu aja udah langsung heboh dah. Apalagi pas debut dance mereka ada yg rose ngolong sama loncat digendong itu iconic bgt sih","1853201838813880633","","","in","She/Her ","0","0","1","https://x.com/nanaaicecream/status/1853201838813880633","1388255951736565764","nanaaicecream"
"1852899004012753066","Sun Nov 03 22:12:39 +0000 2024","3","@staraeri Gak agensi sama idolnya suka pansos wkwkw pantesan si bts gak keluar agensi wong cocok mereka Logikanya mah kayak blackpink klo udah sukses bikin agensi sendiri","1853198632826331314","","staraeri","in","","1","1","0","https://x.com/ahrasama88/status/1853198632826331314","1738924899664867328","ahrasama88"
"1853197496882987145","Sun Nov 03 22:10:42 +0000 2024","0","domplang btsnya belah mana? blackpink gapernah jualan cerita sedih gapernah mention idol lain ","1853198142021521663","","yayayabombayah","in","","0","0","0","https://x.com/yayayabombayah/status/1853198142021521663","1629571924300042241","yayayabombayah"
"1853197496882987145","Sun Nov 03 22:08:08 +0000 2024","1","mon maaf blackpink dari sebelum brojol aja udah banyak yg nungguin mereka debut makannya ga aneh pas mereka debut langsung melejit lagunya langsung booming langsung dapet PAK dan mereka jadi idol tercepat yg dapetin PAK. belum ada yg bisa mecahin rekor itu sampe saat ini https://t.co/rExGI0BpVc","1853197496882987145","https://pbs.twimg.com/media/GbfhS7tbAAAMExV.jpg","","in","","0","1","0","https://x.com/yayayabombayah/status/1853197496882987145","1629571924300042241","yayayabombayah"
"1853195876501737652","Sun Nov 03 22:01:42 +0000 2024","0","eh minimal lu punya malu anjir blackpink mah tanpa embel-embel idol lu juga bisa gede namanya orang sebelumnya idol YG pada sukses di inter noh liat aja PSY CL 2NE1 DLL itu artis gede semua yang diciptain ama YG benerin lagi akal lu sono","1853195876501737652","","","in","","0","0","0","https://x.com/winteaerism/status/1853195876501737652","1478703751422640132","winteaerism"
"1853187576997580886","Sun Nov 03 21:28:43 +0000 2024","0","gue bukan kpopers dulu tapi lagu blackpink emang dimana2 beda sama bts yang rame bukan lagunya tapi fansnya yang berisik spam is there an army here walau oot","1853187576997580886","","","in","","0","0","0","https://x.com/wonyniniz/status/1853187576997580886","1583881046935814146","wonyniniz"
"1852947504855466157","Sun Nov 03 21:25:39 +0000 2024","0","@dsnasini Riil cuy Blackpink versi ngepunk ini ","1853186803681071440","","dsnasini","in","Hufflepuff Common Room","0","0","0","https://x.com/mikonnoaza/status/1853186803681071440","1798897898278842368","mikonnoaza"
"1853184347207020680","Sun Nov 03 21:17:49 +0000 2024","3","@InfoFortniteES lalisa blackpink","1853184835495624841","","InfoFortniteES","in","","0","0","0","https://x.com/Justin_FNBR_/status/1853184835495624841","1581317335993942020","Justin_FNBR_"
"1853177523456369077","Sun Nov 03 20:48:46 +0000 2024","14","Gue tau bts grup idol yg suksesnya gausah di tanya lagi. Tapi yg kamu tuduh itu blackpink mbaa. Bangunn ","1853177523456369077","","","in","Nowhere","0","0","0","https://x.com/deydaraofficial/status/1853177523456369077","1259509595434659841","deydaraofficial"
"1853176166754193877","Sun Nov 03 20:46:23 +0000 2024","1","#BLACKPINK - Lisa https://t.co/Nwdv5heCG8","1853176923498885587","https://pbs.twimg.com/media/GbfOlHkasAE3wKE.jpg","0T3LIGHT","in","","0","1","1","https://x.com/0T3LIGHT/status/1853176923498885587","1734108341347950593","0T3LIGHT"
"1853171916594659515","Sun Nov 03 20:26:29 +0000 2024","0","RIL ANJENG","1853171916594659515","","","in","","0","0","0","https://x.com/JenLis2328/status/1853171916594659515","1263341010660151298","JenLis2328"
"1853131023380590802","Sun Nov 03 17:44:00 +0000 2024","0","Blackpink melejitnya udah dari debut ye bangke gue nih ngikutin bp dari jaman pinkpunk ye","1853131023380590802","","","in","Andorra la Vella, Andorra","0","0","0","https://x.com/Cowtoncandiw/status/1853131023380590802","1678104786250481664","Cowtoncandiw"
"1853127765920534671","Sun Nov 03 17:31:03 +0000 2024","0","Request libur di acc ataupun ga di acc tetep aje diomongin ","1853127765920534671","","","in","","0","0","0","https://x.com/lisaapriyanii/status/1853127765920534671","152960156","lisaapriyanii"
"1853126119752708138","Sun Nov 03 17:24:31 +0000 2024","0","HAHAHAHAHAHA GOBLOK itu blackpink udah terkenal sblm mereka debut itu jaman¬≤ pinkpunk kocak","1853126119752708138","","","in","Italia","0","0","0","https://x.com/martiiiniblue/status/1853126119752708138","2491011726","martiiiniblue"
"1853124894177050633","Sun Nov 03 17:19:38 +0000 2024","0","dalam sehari: 1. red velvet dibilang grup gak laku 2. blackpink dompleng dat group kata gue lu semua pada minum air putih deh jgn kebanyakan minum air wipol","1853124894177050633","","","in","","0","0","0","https://x.com/istanyoucapt/status/1853124894177050633","835092171275415553","istanyoucapt"
"1853101415805390959","Sun Nov 03 17:17:11 +0000 2024","2","@nunaanini Iyakan! Creating drama out of nothing. Terus apo kan memang emv-nya gede banget. Pfw kemaren aja dia ada diatas member blackpink. Jadi wajar lah kalo skechers banyak ngepost muka dia do socmed salahnya dimana","1853124274514719204","","nunaanini","in","San Francisco, CA","0","0","0","https://x.com/cherrimiles/status/1853124274514719204","1346047727164035072","cherrimiles"
"1853107770222063785","Sun Nov 03 17:10:27 +0000 2024","0","@haeitsmine blackpink sunbaenim udah kalau nggak salah","1853122579772702924","","haeitsmine","in","hmmm","0","1","0","https://x.com/kangtypooo/status/1853122579772702924","1268534467896934407","kangtypooo"
"1853120905259712623","Sun Nov 03 17:03:47 +0000 2024","1","blackpink debut 2016 itu udah terkenal anjirrrr First win nya aja whistle menang rookie award menang MMA New artist. 2017 makin terkenal ya wajar lu gak tau bukan berarti gak terkenal ya heh","1853120905259712623","","","in","","0","1","0","https://x.com/istanyoucapt/status/1853120905259712623","835092171275415553","istanyoucapt"
"1853119110240194563","Sun Nov 03 16:59:24 +0000 2024","1","@sosmedkeras menikahi member BLACKPINK wkwkwk","1853119799855132853","","sosmedkeras","in","Bogor, Jawa Barat ","0","0","0","https://x.com/RadenHanif9/status/1853119799855132853","1217224279709732865","RadenHanif9"
"1853115562119057465","Sun Nov 03 16:42:33 +0000 2024","1","kangeeeen bgt nonton blackpink house ‚ÄçÔ∏è‚ÄçÔ∏è‚ÄçÔ∏è‚ÄçÔ∏è","1853115562119057465","","","in","","0","0","0","https://x.com/marknangor/status/1853115562119057465","438176657","marknangor"
"1853113156681531844","Sun Nov 03 16:40:42 +0000 2024","0","@BPGlobalNews @BrunoMars @BLACKPINK Yang mau liat hasil karya army Join grup tele https://t.co/D77rV3k7nt","1853115094970106324","","BPGlobalNews","in","","0","0","0","https://x.com/ilhamfals_if/status/1853115094970106324","1761948501892825088","ilhamfals_if"
"1853114995900567868","Sun Nov 03 16:40:18 +0000 2024","0","Gue udah pernah di era Fanwar Super Junior vs Bigbang vs 2PM SNSD vs 2NE1 Super Junior vs EXO BTS vs EXO BTS vs Seventeen BTS vs Blackpink BTS OT7 vs Solo Stan OhmNanon vs Solo stan. gamau lagi bjir gemfot vs solo stan","1853114995900567868","","","in","universe","0","1","0","https://x.com/thefourthgem/status/1853114995900567868","1054317073063497728","thefourthgem"
"1850541468940968210","Sun Nov 03 16:32:00 +0000 2024","1","@parkRchaeyoung @renjunjaeminsbt Kamu punya go kak? Aku lagi nyari go yang bisa jajan BLACKPINK","1853112905543336165","","parkRchaeyoung","in","","0","1","0","https://x.com/andikaaaoups__/status/1853112905543336165","1733861053162016768","andikaaaoups__"
"1852710646053585165","Sun Nov 03 16:26:06 +0000 2024","2","@xyzkazee @ItsYoshua @crisidentity cuma jimid doang artis yg stream sama ML nya ga ga masuk akal gada artis lain lagi","1853111421753782722","","xyzkazee","in","","0","1","0","https://x.com/Lizki97/status/1853111421753782722","1451213932811591687","Lizki97"
"1852710646053585165","Sun Nov 03 16:25:32 +0000 2024","1","@xyzkazee @ItsYoshua @crisidentity yeuu matamu koar2 udh keliatan itu fraud streamnya jimid cok","1853111277910118806","","xyzkazee","in","","0","1","0","https://x.com/Lizki97/status/1853111277910118806","1451213932811591687","Lizki97"
"1852973886209720378","Sun Nov 03 16:24:23 +0000 2024","2","@Gichaichaa_ Kasian gu mah sama fandom ungu caper mulu kerjaan nya padahal nggak ada yg pduli ","1853110988171796766","","Gichaichaa_","in","","0","0","0","https://x.com/AndryKoday/status/1853110988171796766","1586809160699498496","AndryKoday"
"1853109532781941171","Sun Nov 03 16:23:12 +0000 2024","2","#KaranVeerMehara #karanveermehera BB18 BELONGS TO KARAN","1853110690946687024","","24blackpink365","in","","0","0","3","https://x.com/24blackpink365/status/1853110690946687024","1338708015583621121","24blackpink365"
"1853107770222063785","Sun Nov 03 16:15:33 +0000 2024","0","@meiizuww oiya blackpink","1853108766843212115","","meiizuww","in","anfield","0","0","0","https://x.com/haeitsmine/status/1853108766843212115","1680536770352660480","haeitsmine"
"1853108674635714754","Sun Nov 03 16:15:11 +0000 2024","0","Blackpink melejit karna jadi grup yg ditunggu tunggu dari YG setelah sekian lama YG gak debutin girlgroup ","1853108674635714754","","","in","","0","0","0","https://x.com/horangha_e/status/1853108674635714754","1497549825893896199","horangha_e"
